id,first_name,last_name,email,gender
1,Ruddy,Ivakin,rivakin0@ftc.gov,Male
2,Winslow,Geertje,wgeertje1@tumblr.com,Male
3,Leroy,Heckney,lheckney2@hud.gov,Male
4,Aurie,Imlen,aimlen3@clickbank.net,Female
5,Oralee,Whitehall,owhitehall4@blog.com,Genderqueer
6,Luisa,Belshaw,lbelshaw5@nhs.uk,Female
7,Clemmy,Banaszewski,cbanaszewski6@usatoday.com,Non-binary
8,Godwin,Harberer,gharberer7@twitter.com,Male
9,Sisile,Spiers,sspiers8@narod.ru,Female
10,Maddie,Brazelton,mbrazelton9@bravesites.com,Female
11,Shawna,Redfield,sredfielda@desdev.cn,Female
12,Ethelred,Epine,eepineb@indiatimes.com,Male
13,Hinze,Harty,hhartyc@feedburner.com,Male
14,Jonas,Espasa,jespasad@g.co,Male
15,Floria,Macquire,fmacquiree@reverbnation.com,Female
16,Willow,Barosch,wbaroschf@paypal.com,Female
17,Roze,Whilde,rwhildeg@dmoz.org,Female
18,Mendie,Loughnan,mloughnanh@oracle.com,Male
19,Emmey,Durnan,edurnani@angelfire.com,Bigender
20,Gaynor,Swatten,gswattenj@yale.edu,Female
